#1,,,,,,,,,,#2,,,,,,,,,
Account Code アカウント,,,Internal code,Internal Account Name,KEIEI houkoku,詳細,Description,Chỉ tiêu,,Account Code アカウント,,,Internal code,Internal Account Name,KEIEI houkoku,詳細,Description,Chỉ tiêu,Đơn giá
,,,,,,,,,,,,,,,,,,,
511,,,,,,売上,Sales,Doanh thu bán hàng và cung cấp dịch vụ,,511,,,,,,売上,Sales,Doanh thu bán hàng và cung cấp dịch vụ,
,5113,,,0,0,サービス提供の売上,Services sale,Doanh thu cung cấp dịch vụ,,,5113,,,0,0,サービス提供の売上,Services sale,Doanh thu cung cấp dịch vụ,
,,51131,400100,Sales of merchandise and finished goods,0,サービス提供の売上,Services sale : Software development,Doanh thu cung cấp dịch vụ: Sản xuất phần mềm,,,,51131,400100,Sales of merchandise and finished goods,0,サービス提供の売上,Services sale : Software development,Doanh thu cung cấp dịch vụ: Sản xuất phần mềm,
,,,,,,,,"U-Inform, U-manage, U-Bridge4 development",,,,,,,,,,"U-Inform, U-manage, U-Bridge4 development",
,,,,,,,,Design project,,,,,,,,,,"F&B, ASP, Stella SW design",
,,51132,400200,sales of maintenance,0,サービス提供の売上,Services sale : System Support Service,Doanh thu cung cấp dịch vụ: Dịch vụ hỗ trợ hệ thống UBIQULAR,,,,51132,400200,sales of maintenance,0,サービス提供の売上,Services sale : System Support Service,Doanh thu cung cấp dịch vụ: Dịch vụ hỗ trợ hệ thống UBIQULAR,
,,51138,400200,sales of maintenance,0,サービス提供の売上,Services sale : MarketingService,Doanh thu cung cấp dịch vụ: Dịch vụ nghiên cứu thị trường,,,,51138,400300,sales of market research,,サービス提供の売上,Sale,,
515,,,,0,0,財務収益,Financial activities income,Doanh thu hoạt động tài chính,,515,,,,0,0,財務収益,Financial activities income,Doanh thu hoạt động tài chính,
,5151,,450100,Interest earned,0,デポジット、貸付金の利息,"Interest on Deposits, Loans","Lãi cho vay, tiền gửi",,,5151,,450100,Interest earned,0,デポジット、貸付金の利息,"Interest on Deposits, Loans","Lãi cho vay, tiền gửi",
,5152,,450600,Foreign exchange gains,0,発生取引の為替差益,Gains of Exchange Rate Differences Arising in Current Period,Chênh lệch lãi tỷ giá phát sinh trong kỳ,,,5152,,450600,Foreign exchange gains,0,発生取引の為替差益,Gains of Exchange Rate Differences Arising in Current Period,Chênh lệch lãi tỷ giá phát sinh trong kỳ,
,5153,,450600,Foreign exchange gains,0,為替期末再評価差益,Gains from Exchange Rate Revaluation at the end of FY,Lãi chênh lệch tỷ giá do đánh giá lại cuối năm,,,5153,,450600,Foreign exchange gains,0,為替期末再評価差益,Gains from Exchange Rate Revaluation at the end of FY,Lãi chênh lệch tỷ giá do đánh giá lại cuối năm,
621,,,,0,0,原材料費,Direct raw materials cost,"Chi phí nguyên liệu, vật liệu trực tiếp",,621,,,,0,0,原材料費,Direct raw materials cost,"Chi phí nguyên liệu, vật liệu trực tiếp",
622,,,,0,0,直接労務費,Direct labor cost,Chi phí nhân công trực tiếp,,622,,,,0,0,直接労務費,Direct labor cost,Chi phí nhân công trực tiếp,
,6221,,,0,0,直接労務費,Direct labor cost - Development department,Chi phí nhân công trực tiếp - Bộ phận dự án,,,6221,,,0,0,直接労務費,Direct labor cost - Development department,Chi phí nhân công trực tiếp - Bộ phận dự án,
,,62211,COGS62211,Development department - Salary,給与,給与,Development department - Salary,Bộ phận dự án - Lương,,,,62211,COGS62211,Development department - Salary,給与 UBILQULAR,給与,Development department - Salary,Bộ phận dự án - Lương,
,,62212,COGS62212,Development department - Insurance,給与,保険料,Development department - Insurance,Bộ phận dự án - Bảo hiểm,,,,62212,COGS62212,Development department - Insurance,給与 UBILQULAR,保険料,Development department - Insurance,Bộ phận dự án - Bảo hiểm,
,,62213,COGS62213,Development department - Union fee,給与,労働組合費,Development department - Union fee,Bộ phận dự án - KPCĐ,,,,62213,COGS62213,Development department - Union fee,給与 UBILQULAR,労働組合費,Development department - Union fee,Bộ phận dự án - KPCĐ,
,,62214,COGS62214,Development department - Bonus,賞与金,ボーナス,Development department - Bonus,Bộ phận dự án - Tiền thưởng,,,,62214,COGS62214,Development department - Bonus,賞与金 UBILQULAR,ボーナス,Development department - Bonus,Bộ phận dự án - Tiền thưởng,
,,62215,COGS62215,Development department - Provision for bonuses,賞与引当金繰入額,賞与引当金繰入額,Development department - Provision for bonuses,Bộ phận dự án - Dự phòng tiền thưởng,,,,62215,COGS62215,Development department - Provision for bonuses,賞与引当金繰入 UBILQULAR,賞与引当金繰入額,Development department - Provision for bonuses,Bộ phận dự án - Dự phòng tiền thưởng,
,,62216,COGS62216,Development department - Business trip allowance,給与,0,Development department - Business trip allowance,Bộ phận dự án - Công tác phí,,,,62216,COGS62216,Development department - Business trip allowance,給与 UBILQULAR,0,Development department - Business trip allowance,Bộ phận dự án - Công tác phí,
,,62217,COGS62217,Development department - Severance allowance,給与,0,Development department - Severance allowance,Bộ phận dự án - Trợ cấp thôi việc,,,,62217,COGS62217,Development department - Severance allowance,給与 UBILQULAR,0,Development department - Severance allowance,Bộ phận dự án - Trợ cấp thôi việc,
,6222,,,0,0,直接労務費,Direct labor cost - 24/7 department,Chi phí nhân công trực tiếp - Bộ phận 247,,,6222,,,0,0,直接労務費,Direct labor cost - 24/7 department,Chi phí nhân công trực tiếp - Bộ phận 247,
,,62221,COGS62221,24/7 department - Salary,給与,給与,24/7 department - Salary,Chi phí nhân công trực tiếp - Lương,,,,62221,COGS62221,24/7 department - Salary,給与 SS Project,給与,24/7 department - Salary,Chi phí nhân công trực tiếp - Lương,
,,62222,COGS62222,24/7 department - Insurance,給与,保険料,24/7 department - Insurance,Chi phí nhân công trực tiếp - Bảo hiểm,,,,62222,COGS62222,24/7 department - Insurance,給与 SS Project,保険料,24/7 department - Insurance,Chi phí nhân công trực tiếp - Bảo hiểm,
,,62223,COGS62223,24/7 department - Union fee,給与,労働組合費,24/7 department - Union fee,Chi phí nhân công trực tiếp - KPCĐ,,,,62223,COGS62223,24/7 department - Union fee,給与 SS Project,労働組合費,24/7 department - Union fee,Chi phí nhân công trực tiếp - KPCĐ,
,,62224,COGS62224,24/7 department - Bonus,賞与金,ボーナス,24/7 department - Bonus,Tiền thưởng,,,,62224,COGS62224,24/7 department - Bonus,賞与金 SS Project,ボーナス,24/7 department - Bonus,Tiền thưởng,
,,62225,COGS62225,24/7 department - Provision for bonuses,賞与引当金繰入額,賞与引当金繰入額,24/7 department - Provision for bonuses,Chi phí nhân công trực tiếp - Dự phòng tiền thưởng,,,,62225,COGS62225,24/7 department - Provision for bonuses,賞与引当金繰入 SS Project,賞与引当金繰入額,24/7 department - Provision for bonuses,Chi phí nhân công trực tiếp - Dự phòng tiền thưởng,
,,62226,COGS62226,24/7 department - Business trip allowance,給与,0,24/7 department - Business trip allowance,Chi phí nhân công trực tiếp - Công tác phí,,,,62226,COGS62226,24/7 department - Business trip allowance,給与 SS Project,0,24/7 department - Business trip allowance,Chi phí nhân công trực tiếp - Công tác phí,
,6223,,,0,0,直接労務費,Direct labor cost - UI/UX department,Chi phí nhân công trực tiếp - Bộ phận UI/UX,,,,62227,COGS62227,Severance allowance,給与 SS Project,0,Severance allowance,Trợ cấp thôi việc,
,,62231,COGS62231,UI/UX department - Salary,給与,給与,UI/UX department - Salary,Chi phí nhân công trực tiếp - Lương,,,6223,,,0,0,直接労務費,Direct labor cost - UI/UX department,Chi phí nhân công trực tiếp - Bộ phận UI/UX,
,,62232,COGS62232,UI/UX department - Insurance,給与,保険料,UI/UX department - Insurance,Chi phí nhân công trực tiếp - Bảo hiểm,,,,62231,COGS62231,UI/UX department - Salary,給与 UBILQULAR,給与,UI/UX department - Salary,Chi phí nhân công trực tiếp - Lương,
,,62233,COGS62233,UI/UX department - Union fee,給与,労働組合費,UI/UX department - Union fee,Chi phí nhân công trực tiếp - KPCĐ,,,,62232,COGS62232,UI/UX department - Insurance,給与 UBILQULAR,保険料,UI/UX department - Insurance,Chi phí nhân công trực tiếp - Bảo hiểm,
,,62234,COGS62234,UI/UX department - Bonus,賞与金,ボーナス,UI/UX department - Bonus,Tiền thưởng,,,,62233,COGS62233,UI/UX department - Union fee,給与 UBILQULAR,労働組合費,UI/UX department - Union fee,Chi phí nhân công trực tiếp - KPCĐ,
,,62235,COGS62235,UI/UX department - Provision for bonuses,賞与引当金繰入額,賞与引当金繰入額,UI/UX department - Provision for bonuses,Chi phí nhân công trực tiếp - Dự phòng tiền thưởng,,,,62234,COGS62234,UI/UX department - Bonus,賞与金 UBILQULAR,ボーナス,UI/UX department - Bonus,Tiền thưởng,
,,62236,COGS62236,UI/UX department - Business trip allowance,給与,0,UI/UX department - Business trip allowance,Chi phí nhân công trực tiếp - Công tác phí,,,,62235,COGS62235,UI/UX department - Provision for bonuses,賞与引当金繰入 UBILQULAR,賞与引当金繰入額,UI/UX department - Provision for bonuses,Chi phí nhân công trực tiếp - Dự phòng tiền thưởng,
,6228,,,0,0,直接労務費,Direct labor cost - Marketing department,Chi phí nhân công trực tiếp - Bộ phận bán hàng,,,,62236,COGS62236,UI/UX department - Business trip allowance,給与 UBILQULAR,0,UI/UX department - Business trip allowance,Chi phí nhân công trực tiếp - Công tác phí,
,,62281,COGS62281,Marketing department - Salary,給与,給与,Marketing department - Salary,Chi phí nhân công trực tiếp - Lương,,,,62237,COGS62237,Severance allowance,給与 UBILQULAR,0,Severance allowance,Trợ cấp thôi việc,
,,62282,COGS62282,Marketing department - Insurance,給与,保険料,Marketing department - Insurance,Chi phí nhân công trực tiếp - Bảo hiểm,,,6228,,,,,,,,
,,62283,COGS62283,Marketing department - Union fee,給与,労働組合費,Marketing department - Union fee,Chi phí nhân công trực tiếp - KPCĐ,,,,62281,COGS62281,Salary,給与 SALE,給与,Salary,Lương,
,,62284,COGS62284,Marketing department - Bonus,賞与金,ボーナス,Marketing department - Bonus,Tiền thưởng,,,,62282,COGS62282,Insurance,給与 SALE,保険料,Insurance,Bảo hiểm,
,,62285,COGS62285,Marketing department - Provision for bonuses,賞与引当金繰入額,賞与引当金繰入額,Marketing department - Provision for bonuses,Chi phí nhân công trực tiếp - Dự phòng tiền thưởng,,,,62283,COGS62283,Union fee,給与 SALE,労働組合費,Union fee,KPCĐ,
,,62286,COGS62286,Marketing department - Business trip allowance,給与,0,Marketing department - Business trip allowance,Chi phí nhân công trực tiếp - Công tác phí,,,,62284,COGS62284,Bonus,賞与金,ボーナス,Bonus,Tiền thưởng,
627,,,,0,0,製造間接費,General operation cost,Chi phí sản xuất chung,,,,62285,COGS62285,Provision for bonuses,賞与引当金繰入 SALE,賞与引当金繰入額,Provision for bonuses,Dự phòng tiền thưởng,
,6271,,,0,0,製造従業員,Indirect labour,Chi phí nhân viên phân xưởng,,,,62286,COGS62286,Business trip allowance,給与 SALE,0,Business trip allowance,Công tác phí,
,,62711,,0,0,スタッフ,Indirect labour - Employees,Chi phí nhân viên phân xưởng - Nhân viên,,,,62287,COGS62287,Severance allowance,給与 SALE,0,Severance allowance,Trợ cấp thôi việc,
,,627111,COGS627111,Indirect labour - Employees - Salary,#N/A,給与,Indirect labour - Employees - Salary,Chi phí nhân viên phân xưởng - Nhân viên - Lương,,627,,,,0,0,製造間接費,General operation cost,Chi phí sản xuất chung,
,,627112,COGS627112,Indirect labour - Employees - Insurance,#N/A,保険料,Indirect labour - Employees - Insurance,Chi phí nhân viên phân xưởng - Nhân viên - Bảo hiểm,,,6271,,,0,0,製造従業員,Indirect labour,Chi phí nhân viên phân xưởng,
,,627113,COGS627113,Indirect labour - Employees - Union fees,#N/A,労働組合費,Indirect labour - Employees - Union fees,Chi phí nhân viên phân xưởng - Nhân viên - KPCĐ,,,,62711,,0,0,スタッフ,Indirect labour - Employees,Chi phí nhân viên phân xưởng - Nhân viên,
,,627114,COGS627114,Indirect labour - Employees - Tax,#N/A,税金,Indirect labour - Employees - Tax,Chi phí nhân viên phân xưởng - Nhân viên - Thuế,,,,627111,COGS627111,Indirect labour - Employees - Salary,#N/A,給与,Indirect labour - Employees - Salary,Chi phí nhân viên phân xưởng - Nhân viên - Lương,
,,627115,COGS627115,Indirect labour - Employees - Bonus,#N/A,ボーナス,Indirect labour - Employees - Bonus,Chi phí nhân viên phân xưởng - Nhân viên - Tiền thưởng,,,,627112,COGS627112,Indirect labour - Employees - Insurance,#N/A,保険料,Indirect labour - Employees - Insurance,Chi phí nhân viên phân xưởng - Nhân viên - Bảo hiểm,
,,62712,,0,0,日本人管理者,Indirect labour - Manager,Chi phí nhân viên phân xưởng - Quản lý người Nhật,,,,627113,COGS627113,Indirect labour - Employees - Union fees,#N/A,労働組合費,Indirect labour - Employees - Union fees,Chi phí nhân viên phân xưởng - Nhân viên - KPCĐ,
,,627121,COGS627121,Indirect labour - Manager - Salary,#N/A,給与,Indirect labour - Manager - Salary,Chi phí nhân viên phân xưởng - Quản lý người Nhật - Lương,,,,627114,COGS627114,Indirect labour - Employees - Tax,#N/A,税金,Indirect labour - Employees - Tax,Chi phí nhân viên phân xưởng - Nhân viên - Thuế,
,,627122,COGS627122,Indirect labour - Manager - Insurance,#N/A,保険料,Indirect labour - Manager - Insurance,Chi phí nhân viên phân xưởng - Quản lý người Nhật - Bảo hiểm,,,,627115,COGS627115,Indirect labour - Employees - Bonus,#N/A,ボーナス,Indirect labour - Employees - Bonus,Chi phí nhân viên phân xưởng - Nhân viên - Tiền thưởng,
,,627123,COGS627123,Indirect labour - Manager - Union fees,#N/A,労働組合費,Indirect labour - Manager - Union fees,Chi phí nhân viên phân xưởng - Quản lý người Nhật - KPCĐ,,,,62712,,0,0,日本人管理者,Indirect labour - Manager,Chi phí nhân viên phân xưởng - Quản lý người Nhật,
,,627124,COGS627124,Indirect labour - Manager - Tax,#N/A,税金,Indirect labour - Manager - Tax,Chi phí nhân viên phân xưởng - Quản lý người Nhật - Thuế,,,,627121,COGS627121,Indirect labour - Manager - Salary,#N/A,給与,Indirect labour - Manager - Salary,Chi phí nhân viên phân xưởng - Quản lý người Nhật - Lương,
,6272,,COGS6272,Use of auxiliary materials,#N/A,原材料,Use of auxiliary materials,"Chi phí nguyên, vật liệu",,,,627122,COGS627122,Indirect labour - Manager - Insurance,#N/A,保険料,Indirect labour - Manager - Insurance,Chi phí nhân viên phân xưởng - Quản lý người Nhật - Bảo hiểm,
,6273,,COGS6273,Use of tools and supplies,消耗品費,消耗工具備品費,Use of tools and supplies,Chi phí dụng cụ sản xuất,,,,627123,COGS627123,Indirect labour - Manager - Union fees,#N/A,労働組合費,Indirect labour - Manager - Union fees,Chi phí nhân viên phân xưởng - Quản lý người Nhật - KPCĐ,
,6274,,COGS6274,Depreciation,減価償却費,固定資産の減価償却費,Depreciation,Chi phí khấu hao TSCĐ,,,,627124,COGS627124,Indirect labour - Manager - Tax,#N/A,税金,Indirect labour - Manager - Tax,Chi phí nhân viên phân xưởng - Quản lý người Nhật - Thuế,
,6277,,,0,0,外部用役費,Services rendered,Chi phí dịch vụ mua ngoài,,,6272,,COGS6272,Use of auxiliary materials,#N/A,原材料,Use of auxiliary materials,"Chi phí nguyên, vật liệu",
,,62771,COGS62771,Rental fee,家賃地代,事務所レンタル料（生産）,Rental fee,Chi phí thuê văn phòng (sản xuất),,,6273,,COGS6273,Use of tools and supplies,消耗品費,消耗工具備品費,Use of tools and supplies,Chi phí dụng cụ sản xuất,
,,62772,COGS62772,"Electricity, water,...",水道光熱費,"電気代と水道代,...(生産)","Electricity, water,...","Tiền điện, nước,...(sản xuất)",,,6274,,COGS6274,Depreciation,減価償却費,固定資産の減価償却費,Depreciation,Chi phí khấu hao TSCĐ,"3,521,527"
,,62773,COGS62773,"Telephone, internet, fax, email",通信費,電話・インタネット・ファクス・メール,"Telephone, internet, fax, email","Điện thoại, internet, fax, email",,,6277,,,0,0,外部用役費,Services rendered,Chi phí dịch vụ mua ngoài,
,,62778,COGS62778,Other services rendered,支払手数料,その他外部用役費,Other services rendered,Chi phí dịch vụ mua ngoài khác,,,,62771,COGS62771,Rental fee,家賃地代,事務所レンタル料（生産）,Rental fee,Chi phí thuê văn phòng (sản xuất),"220,000,000"
,,,,,,,Software development,,,,,62772,COGS62772,"Electricity, water,...",水道光熱費,"電気代と水道代,...(生産)","Electricity, water,...","Tiền điện, nước,...(sản xuất)","20,000,000"
,,,,,,,System Support Serice,,,,,62773,COGS62773,"Telephone, internet, fax, email",通信費,電話・インタネット・ファクス・メール,"Telephone, internet, fax, email","Điện thoại, internet, fax, email","1,500,000"
,,,,,,,Other services expenses,,,,,62778,COGS62778,Other services rendered,支払手数料,その他外部用役費,Other services rendered,Chi phí dịch vụ mua ngoài khác,
,6278,,,0,0,その他現金出金,Sundry costs paid in cash,Chi phí bằng tiền khác,,,,62778,COGS62778,Other services rendered,支払手数料,,EDR service,,
,,62788,COGS62788,Other sundry costs paid in cash,雑費(振込手数料等),その他現金出金,Other sundry costs paid in cash,Chi phí bằng tiền khác,,,,62778,COGS62778,Other services rendered,支払手数料,,Illustrator,,
,,62789,COGS62789,Expenses without invoice,雑費(振込手数料等),製造の損金不算入費用,Expenses without invoice,Chi phí sản xuất không hợp lệ,,,,62778,COGS62778,Other services rendered,支払手数料,,Microsoft 365,,
154,,,,0,0,仕掛品,Cost for work in process,"Chi phí sản xuất, kinh doanh dở dang",,,,62778,COGS62778,Other services rendered,支払手数料,,Construction,,
,1541,,,0,0,仕掛品（サービス・建物）,Work in progress for services and constructions,"Chi phí sản xuất, kinh doanh dở dang (dịch vụ, công trình)",,,,62778,COGS62778,Other services rendered,支払手数料,,GGWA,,
632,,,,0,0,売上原価,Cost of goods sold,Giá vốn hàng bán,,,,62778,COGS62778,Other services rendered,支払手数料,,VMWare Software,,
,6323,,,0,0,サービス提供の売上原価,Cost of goods sold - service,Giá vốn hàng bán dịch vụ,,,,62778,COGS62778,Other services rendered,支払手数料,,JIRA/Confluence,,
,,63231,410100,cost of merchandise and finished goods,0,サービス提供の売上原価,COGS - service: Software development,Giá vốn hàng bán dịch vụ,,,,62778,COGS62778,Other services rendered,支払手数料,,MDM,,"49,800"
,,63232,410200,cost of maintenance,#N/A,サービス提供の売上原価,COGS - service: System Support Service,Giá vốn hàng bán dịch vụ,,,,62778,COGS62778,Other services rendered,支払手数料,,Cloud,,
,,63238,410200,cost of maintenance,#N/A,サービス提供の売上原価,COGS - service: Marketing,Giá vốn hàng bán dịch vụ,,,,62778,COGS62778,Other services rendered,支払手数料,,HRM system,,"8,400,000"
635,,,,0,0,財務費用,Financial activities expenses,Chi phí tài chính,,,,62778,COGS62778,Other services rendered,支払手数料,,Japan Quality,JQ fee,"80,000,000"
,6351,,460500,Foreign exchange losses,#N/A,発生取引の為替差損,Losses of Exchange Rate Differences Arising in Current Period,Chênh lệch lỗ tỷ giá phát sinh trong kỳ,,,,62778,COGS62778,Other services rendered,支払手数料,,Periodic health （健康診断）,"10月 1,600,000 VND/person (80%)","1,800,000"
,6352,,460100,Interest paid,#N/A,借入利息,Interest Expenses,Chi phí lãi vay,,,6278,,,0,0,その他現金出金,Sundry costs paid in cash,Chi phí bằng tiền khác,
,6353,,460500,Foreign exchange losses,#N/A,為替再評価差損,Losses from Exchange Rate Revaluation,Lỗ chênh lệch tỷ giá do đánh giá lại,,,,62788,COGS62788,Other sundry costs paid in cash,雑費(振込手数料等),その他現金出金,Other sundry costs paid in cash,Chi phí bằng tiền khác,
641,,,431000,Sales miscellaneous expense,雑費(振込手数料等),販売費,Selling expenses,Chi phí bán hàng,,,,,,,,,,,
,,,,,0,,Souvenir to Japan,,,,,,,,,,,,
642,,,,0,0,一般管理費,General & administration expenses,Chi phí quản lý doanh nghiệp,,632,,,,0,0,売上原価,Cost of goods sold,Giá vốn hàng bán,
,6421,,,0,0,管理部門給与,Office salaries,Chi phí nhân viên quản lý,,,6323,,,0,0,サービス提供の売上原価,Cost of goods sold - service,Giá vốn hàng bán dịch vụ,
,,64211,,0,0,従業員,Management Expenses - Employees,Chi phí nhân viên quản lý - Nhân viên,,,,63231,410100,cost of merchandise and finished goods,0,サービス提供の売上原価,COGS - service: Software development,Giá vốn hàng bán dịch vụ,
,,642111,430200,Salary&wages,給与,給与,Management Expenses - Employees - Salary,Chi phí nhân viên quản lý - Nhân viên - Lương,,,,63232,410200,cost of maintenance,#N/A,サービス提供の売上原価,COGS - service: System Support Service,Giá vốn hàng bán dịch vụ,
,,642112,430200,Salary&wages,給与,保険料,Management Expenses - Employees - Insurance,Chi phí nhân viên quản lý - Nhân viên - Bảo hiểm,,,,63233,410300,cost of market research,,,,,
,,642113,430200,Salary&wages,給与,労働組合費,Management Expenses - Employees - Union fee,Chi phí nhân viên quản lý - Nhân viên - KPCĐ,,635,,,,0,0,財務費用,Financial activities expenses,Chi phí tài chính,
,,642114,430200,Salary&wages,給与,税金,Management Expenses - Employees - Tax,Chi phí nhân viên quản lý - Nhân viên - Thuế,,,6351,,460500,Foreign exchange losses,#N/A,発生取引の為替差損,Losses of Exchange Rate Differences Arising in Current Period,Chênh lệch lỗ tỷ giá phát sinh trong kỳ,
,,642115,430300,Bonuses,賞与金,ボーナス,Management Expenses - Employees - Bonus,Chi phí nhân viên quản lý - Nhân viên - Tiền thưởng,,,6352,,460100,Interest paid,#N/A,借入利息,Interest Expenses,Chi phí lãi vay,
,,642116,430400,Provision for bonuses,賞与引当金繰入,賞与引当金繰入額,Provision for bonuses,Dự phòng tiền thưởng - Nhân viên VN,,,6353,,460500,Foreign exchange losses,#N/A,為替再評価差損,Losses from Exchange Rate Revaluation,Lỗ chênh lệch tỷ giá do đánh giá lại,
,,642117,430200,Salary&wages,給与,給与,Management Expenses - Employees - Business trip allowance,Trợ cấp công tác phí - Nhân viên VN,,641,,,431000,Sales miscellaneous expense,雑費(振込手数料等),販売費,Selling expenses,Chi phí bán hàng,
,,64212,,0,0,日本人の管理者,Management Expenses - Manager,Chi phí nhân viên quản lý - Quản lý người Nhật,,,,,,,0,,Souvenir to Japan,,
,,642121,430200,Salary&wages,給与,給与,Management Expenses - Manager - Salary,Chi phí nhân viên quản lý - Quản lý người Nhật - Lương,,642,,,,0,0,一般管理費,General & administration expenses,Chi phí quản lý doanh nghiệp,
,,642122,430200,Salary&wages,給与,保険料,Management Expenses - Manager - Insurance,Chi phí nhân viên quản lý - Quản lý người Nhật - Bảo hiểm,,,6421,,,0,0,管理部門給与,Office salaries,Chi phí nhân viên quản lý,
,,642123,430200,Salary&wages,給与,労働組合費,Management Expenses - Manager - Union fee,Chi phí nhân viên quản lý - Quản lý người Nhật - KPCĐ,,,,64211,,0,0,従業員,Management Expenses - Employees,Chi phí nhân viên quản lý - Nhân viên,
,,642124,430200,Salary&wages,給与,税金,Management Expenses - Manager - Tax,Chi phí nhân viên quản lý - Quản lý người Nhật - Thuế,,,,642111,430200,Salary&wages,給与,給与,Management Expenses - Employees - Salary,Chi phí nhân viên quản lý - Nhân viên - Lương,
,,642125,430300,Bonuses,賞与金,ボーナス,Management Expenses - Manager - Bonus,Chi phí nhân viên quản lý - Quản lý người Nhật - Tiền thưởng,,,,642112,430200,Salary&wages,給与,保険料,Management Expenses - Employees - Insurance,Chi phí nhân viên quản lý - Nhân viên - Bảo hiểm,
,,642126,430400,Provision for bonuses,賞与引当金繰入,賞与引当金繰入額,Provision for bonuses,Dự phòng tiền thưởng Quản lý người Nhật,,,,642113,430200,Salary&wages,給与,労働組合費,Management Expenses - Employees - Union fee,Chi phí nhân viên quản lý - Nhân viên - KPCĐ,
,,642127,430200,Salary&wages,給与,出張手当,Management Expenses - Manager - business trip allowance,Chi phí nhân viên quản lý_Quản lý NN_Phụ cấp công tác phí,,,,642114,430200,Salary&wages,給与,税金,Management Expenses - Employees - Tax,Chi phí nhân viên quản lý - Nhân viên - Thuế,
,,64213,430900,Welfare expense,福利厚生費,アパートレンタル料,Expense for apartment rental fees_JPs staff,Chi phí thuê nhà cho người nước ngoài,,,,642115,430300,Bonuses,賞与金,ボーナス,Management Expenses - Employees - Bonus,Chi phí nhân viên quản lý - Nhân viên - Tiền thưởng,
,,64214,430900,Welfare expense,福利厚生費,外国人の子供の学費,Tuition for foreigner's children,Học phí cho con người nước ngoài,,,,642116,430400,Provision for bonuses,賞与引当金繰入,賞与引当金繰入額,Provision for bonuses,Dự phòng tiền thưởng - Nhân viên VN,
,,64218,430900,Welfare expense,福利厚生費,福利費用,Welfare expense for staff,Chi phí phúc lợi cho nhân viên,,,,642117,430200,Salary&wages,給与,給与,Management Expenses - Employees - Business trip allowance,Trợ cấp công tác phí - Nhân viên VN,
,6422,,,0,0,事務用品費,Indirect materials,Chi phí vật liệu quản lý,,,,64212,,0,0,日本人の管理者,Management Expenses - Manager,Chi phí nhân viên quản lý - Quản lý người Nhật,
,6423,,431700,Supplies expense,消耗品費,消耗工具備品費,Office supplies,Chi phí đồ dùng văn phòng,,,,642121,430200,Salary&wages,給与,給与,Management Expenses - Manager - Salary,Chi phí nhân viên quản lý - Quản lý người Nhật - Lương,
,6424,,432000,Depreciation expense,減価償却費,固定資産の減価償却費,Depreciation,Chi phí khấu hao TSCĐ,,,,642122,430200,Salary&wages,給与,保険料,Management Expenses - Manager - Insurance,Chi phí nhân viên quản lý - Quản lý người Nhật - Bảo hiểm,
,6425,,431900,Taxes and dues,租税公課,租税公課,"Taxes, fees and charges","Thuế, phí và lệ phí",,,,642123,430200,Salary&wages,給与,労働組合費,Management Expenses - Manager - Union fee,Chi phí nhân viên quản lý - Quản lý người Nhật - KPCĐ,
,6426,,,0,0,引当金,Expenses from provisions,Chi phí dự phòng,,,,642124,430200,Salary&wages,給与,税金,Management Expenses - Manager - Tax,Chi phí nhân viên quản lý - Quản lý người Nhật - Thuế,
,6427,,,0,0,外部用役費,Services rendered by outsiders,Chi phí dịch vụ mua ngoài,,,,642125,430300,Bonuses,賞与金,ボーナス,Management Expenses - Manager - Bonus,Chi phí nhân viên quản lý - Quản lý người Nhật - Tiền thưởng,
,,64271,432400,Rent expense,家賃地代,事務所レンタル料,Office rental fee,Chi phí thuê văn phòng,,,,642126,430400,Provision for bonuses,賞与引当金繰入,賞与引当金繰入額,Provision for bonuses,Dự phòng tiền thưởng Quản lý người Nhật,
,,64272,431600,Utilities expense,水道光熱費,電話・インターネット・電気代,"Electricity, water,…","Tiền điện, nước,... (quản lý)",,,,642127,430200,Salary&wages,給与,出張手当,Management Expenses - Manager - business trip allowance,Chi phí nhân viên quản lý_Quản lý NN_Phụ cấp công tác phí,
,,64273,431500,Communication expense,通信費,電気通信料金,Telecommunications,"Dịch vụ viễn thông (điện thoại, internet, card...)",,,,64213,430900,Welfare expense,福利厚生費,アパートレンタル料,Expense for apartment rental fees_JPs staff,Chi phí thuê nhà cho người nước ngoài,
,,64274,432600,Commission,支払手数料,コンサルティング費用,"Consutanl fee (lawyer, recuitment, accounting...)","Chi phí dịch vụ tư vấn (kế toán, tuyển dụng,luật...)",,,,64214,430900,Welfare expense,福利厚生費,外国人の子供の学費,Tuition for foreigner's children,Học phí cho con người nước ngoài,
,,64275,439900,Other expenses,雑費(振込手数料等),銀行手数料,Bank charge,Phí ngân hàng,,,,64218,430900,Welfare expense,福利厚生費,福利費用,Welfare expense for staff,Chi phí phúc lợi cho nhân viên,
,,64276,431500,Communication expense,通信費,郵送費、他のサービス,Delivery fee,Phí vận chuyển,,,,,,,,,Company trip,"July 5,000,000/ person","5,000,000"
,,64278,432600,Commission,支払手数料,その他外部用役費,Other services,Chi phí dịch vụ mua ngoài khác,,,,,,,,,Vietnamese Women's Day,"10 月 200,000 VND/ person","4,000,000"
,6428,,,0,0,その他現金出金,Sundry cash expenses,Chi phí bằng tiền khác,,,,,,,,,Periodic health （健康診断）,"10月 1,600,000 VND/person","1,600,000"
,,64281,431300,Entertaiment expense,接待交際費,交際費,Public relations expenses,Chi phí tiếp khách,,,,,,,,,Christmas party,"12月 300,000 VND / person.","300,000"
,,64282,431400,Transportation expense,旅費交通費,出張費,Business trip expenses,Phí công tác,,,,,,,,,Year end party,"1月 1,000,000 VND/ person","1,000,000"
,,64287,439900,Other expenses,雑費(振込手数料等),その他現金出金,Sundry cash expenses,Chi phí bằng tiền khác,,,,,,,,,Company birthday,"2月 500,000 VND / 1 person","500,000"
,,64288,439900,Other expenses,雑費(振込手数料等),3Sが立替支払ったその他費用,Other expenses that 3S paid on behalf,Chi phí khác do 3S chi hộ,,,,,,,,,International Women's Day,"3月 200,000 VND/ person","4,000,000"
,,64289,439900,Other expenses,雑費(振込手数料等),損金不算入管理費用,Expenses without invoice,Chi phí quản lý không hợp lệ,,,,,,,,,"Other(Marriage, Childbirth, Sickness,Funeral)","Marriage:2,000,000 VND, Childbirth/Sickness/Funeral : 1,000,000 VND","166,667"
711,,,,0,0,その他収入,Other income,Thu nhập khác,,,,,,,,,Happy birthday,"200,000 VND/person","200,000"
,7118,,459900,Miscellaneous incomes,#N/A,その他収入,Other income,Thu nhập khác,,,,,,,,,チームビルディング（開発人員）,"プロジェクト毎に100,000VND/1人月","100,000"
811,,,,0,0,その他費用,Other expenses,Chi phí khác,,,,,,,,,チームビルディング（間接人員）,"四半期毎に200,000VND/ person","200,000"
,8111,,432900,Miscellaneous loss,雑費(振込手数料等),その他費用,"Other expenses - Compensation, fines and other costs","Chi phí khác - Bồi thường, bị phạt và CP khác",,,,,,,,,Mr.Shimizu's benefit (health insurance)_WELLBE,,"20,000,000"
,8118,,432900,Miscellaneous loss,雑費(振込手数料等),その他費用,Other expenses - Difference payment,Chi phí khác - Chênh lệch thanh toán,,,,,,,,,清水さん保険（損保ジャパン、疾病）,179.750 JPY,"28,760,000"
821,,,,0,0,法人税,Business Income tax charge,Chi phí thuế thu nhập doanh nghiệp,,,,,,,,,家族の保険（損保ジャパン、疾病）,179.750 JPY x 3,"86,280,000"
,8211,,510100,Current business income tax charge,法人税、住民税及び事業税,当期法人所得税,Current business income tax charge,Chi phí thuế TNDN hiện hành,,,,,,,,,TRC Mr.Shimizu and Family,TRC: 5.000.000/ 1 person;,"5,000,000"
,8212,,510200,,#N/A,繰延法人所得税,Deffered business income tax charge,Chi phí thuế TNDN hoãn lại,,,,,,,,,Happy Friday,1.500.000 vnd/ 1 time. Monthly: 6.000.000 vnd,"6,000,000"
,,,,,,,,Grand Total (合計）,,,,,,,,,"Technical certificate (learning and testing) 10,000,000 / 1person",,"10,000,000"
,,,,,,,,,,,,,,,,,"English, Japanese",,"30,000,000"
,,,,,,,,,,,6422,,,0,0,事務用品費,Indirect materials,Chi phí vật liệu quản lý,
,,,,,,,,,,,6423,,431700,Supplies expense,消耗品費,消耗工具備品費,Office supplies,Chi phí đồ dùng văn phòng,"10,000,000"
,,,,,,,,,,,6424,,432000,Depreciation expense,減価償却費,固定資産の減価償却費,Depreciation,Chi phí khấu hao TSCĐ,"177,778"
,,,,,,,,,,,6425,,431900,Taxes and dues,租税公課,租税公課,"Taxes, fees and charges","Thuế, phí và lệ phí",
,,,,,,,,,,,6426,,,0,0,引当金,Expenses from provisions,Chi phí dự phòng,
,,,,,,,,,,,6427,,,0,0,外部用役費,Services rendered by outsiders,Chi phí dịch vụ mua ngoài,
,,,,,,,,,,,,64271,432400,Rent expense,家賃地代,事務所レンタル料,Office rental fee,Chi phí thuê văn phòng,"220,000,000"
,,,,,,,,,,,,64272,431600,Utilities expense,水道光熱費,電話・インターネット・電気代,"Electricity, water,…","Tiền điện, nước,... (quản lý)","20,000,000"
,,,,,,,,,,,,64273,431500,Communication expense,通信費,電気通信料金,Telecommunications,"Dịch vụ viễn thông (điện thoại, internet, card...)",
,,,,,,,,,,,,,,,,,,diện thoại,"300,000"
,,,,,,,,,,,,,,,,,,internet,"1,250,000"
,,,,,,,,,,,,,,,,,,Mail,"1,500,000"
,,,,,,,,,,,,64274,432600,Commission,支払手数料,コンサルティング費用,"Consutanl fee (lawyer, recuitment, accounting...)","Chi phí dịch vụ tư vấn (kế toán, tuyển dụng,luật...)",
,,,,,,,,,,,,,,,,,,"3SI, service commission fee (Ubqlar)","66,400,000"
,,,,,,,,,,,,,,,,,,Recruite,"720,000,000"
,,,,,,,,,,,,,,,,,,Audit,"400,000,000"
,,,,,,,,,,,,,,,,,,AGS,"35,000,000"
,,,,,,,,,,,,,,,,,,EY (PIT),"200,000,000"
,,,,,,,,,,,,,,,,,,Legal fee (Transfer Price docs),"200,000,000"
,,,,,,,,,,,,,,,,,,D&O insurance,"55,000,000"
,,,,,,,,,,,,64275,439900,Other expenses,雑費(振込手数料等),銀行手数料,Bank charge,Phí ngân hàng,"6,000,000"
,,,,,,,,,,,,64276,431500,Communication expense,通信費,郵送費、他のサービス,Delivery fee,Phí vận chuyển,"22,000,000"
,,,,,,,,,,,,64278,432600,Commission,支払手数料,その他外部用役費,Other services,Chi phí dịch vụ mua ngoài khác,
,,,,,,,,,,,,,,,,,,Truong Xanh,"9,000,000"
,,,,,,,,,,,,,,,,,,"Cleaning (AC, chair)","5,400,000"
,,,,,,,,,,,,,,,,,,Konica,"3,000,000"
,,,,,,,,,,,,,,,,,,HRM system,"15,000,000"
,,,,,,,,,,,6428,,,0,0,その他現金出金,Sundry cash expenses,Chi phí bằng tiền khác,
,,,,,,,,,,,,64281,431300,Entertaiment expense,接待交際費,交際費,Public relations expenses,Chi phí tiếp khách,
,,,,,,,,,,,,64282,431400,Transportation expense,旅費交通費,出張費,Business trip expenses,Phí công tác,
,,,,,,,,,,,,64287,439900,Other expenses,雑費(振込手数料等),その他現金出金,Sundry cash expenses,Chi phí bằng tiền khác,
,,,,,,,,,,,,,,,,,,"Da Nang city, Disaster prevention fund","10,000,000"
,,,,,,,,,,,,,,,,,,Other fund,"50,000,000"
,,,,,,,,,,711,,,,0,0,その他収入,Other income,Thu nhập khác,
,,,,,,,,,,,7118,,459900,Miscellaneous incomes,#N/A,その他収入,Other income,Thu nhập khác,
,,,,,,,,,,811,,,,0,0,その他費用,Other expenses,Chi phí khác,
,,,,,,,,,,,8111,,432900,Miscellaneous loss,雑費(振込手数料等),その他費用,"Other expenses - Compensation, fines and other costs","Chi phí khác - Bồi thường, bị phạt và CP khác",
,,,,,,,,,,,8118,,432900,Miscellaneous loss,雑費(振込手数料等),その他費用,Other expenses - Difference payment,Chi phí khác - Chênh lệch thanh toán,
,,,,,,,,,,821,,,,0,0,法人税,Business Income tax charge,Chi phí thuế thu nhập doanh nghiệp,
,,,,,,,,,,,8211,,510100,Current business income tax charge,法人税、住民税及び事業税,当期法人所得税,Current business income tax charge,Chi phí thuế TNDN hiện hành,"80,000,000"
,,,,,,,,,,,8212,,510200,,#N/A,繰延法人所得税,Deffered business income tax charge,Chi phí thuế TNDN hoãn lại,
,,,,,,,,,,,,,,,,,,Grand Total (合計）,